DATE,SERIES,OPEN,HIGH,LOW,PREV. CLOSE,LTP,CLOSE,VWAP,52W H,52W L,VOLUME,VALUE,NO OF TRADES,SYMBOL
2022-12-30,EQ,59.95,62.0,57.0,57.95,59.5,60.0,59.74,73.9,42.8,11669,697160.15,273,INSPIRISYS
2022-12-29,EQ,60.0,60.0,54.25,56.45,58.0,57.95,56.91,73.9,42.8,4262,242539.75,106,INSPIRISYS
2022-12-28,EQ,55.0,61.95,55.0,58.1,58.4,56.45,56.49,73.9,42.8,7621,430475.0,157,INSPIRISYS
2022-12-27,EQ,61.4,61.4,53.55,56.85,58.0,58.1,57.92,73.9,42.8,4467,258736.75,96,INSPIRISYS
2022-12-26,EQ,50.95,57.6,50.45,52.4,57.0,56.85,56.71,73.9,42.8,21008,1191294.95,209,INSPIRISYS
2022-12-23,EQ,54.05,57.6,51.4,55.5,51.45,52.4,53.62,73.9,42.8,34123,1829675.75,338,INSPIRISYS
2022-12-22,EQ,60.25,60.25,55.05,59.9,55.45,55.5,56.71,73.9,42.8,30443,1726461.4,344,INSPIRISYS
2022-12-21,EQ,62.0,62.95,57.15,62.2,59.95,59.9,60.14,73.9,42.8,17109,1028870.35,163,INSPIRISYS
2022-12-20,EQ,62.95,63.0,60.0,61.9,62.0,62.2,61.84,73.9,42.8,18928,1170418.6,182,INSPIRISYS
2022-12-19,EQ,62.3,63.95,61.0,61.5,63.0,61.9,62.77,73.9,42.8,18398,1154922.9,197,INSPIRISYS
2022-12-16,EQ,60.25,63.95,60.25,61.9,61.25,61.5,62.41,76.3,42.8,31174,1945723.1,262,INSPIRISYS
2022-12-15,EQ,60.75,62.2,60.35,61.35,62.0,61.9,61.48,76.3,42.8,20310,1248565.85,227,INSPIRISYS
2022-12-14,EQ,60.3,62.7,59.9,61.4,61.55,61.35,61.14,76.3,42.8,20288,1240496.75,226,INSPIRISYS
2022-12-13,EQ,64.95,64.95,61.25,61.75,61.25,61.4,62.32,76.3,42.8,21127,1316736.05,232,INSPIRISYS
2022-12-12,EQ,64.0,64.0,59.0,61.2,61.5,61.75,62.08,76.3,42.8,25413,1577678.8,401,INSPIRISYS
2022-12-09,EQ,61.35,64.0,58.05,62.25,61.25,61.2,61.54,76.3,42.8,23466,1444066.05,294,INSPIRISYS
2022-12-08,EQ,59.35,63.3,57.1,61.7,62.25,62.25,61.81,76.3,42.8,22595,1396638.45,156,INSPIRISYS
2022-12-07,EQ,59.55,64.05,59.55,61.6,61.6,61.7,62.71,76.3,42.8,41294,2589705.0,341,INSPIRISYS
2022-12-06,EQ,62.8,65.05,60.2,62.8,62.55,61.6,63.0,76.3,42.8,31736,1999351.2,361,INSPIRISYS
2022-12-05,EQ,58.7,64.05,58.4,58.25,63.1,62.8,62.57,76.3,42.8,89404,5593651.1,883,INSPIRISYS
2022-12-02,EQ,61.0,61.6,58.0,60.4,58.05,58.25,59.55,76.3,42.8,49597,2953387.2,362,INSPIRISYS
2022-12-01,EQ,59.25,62.9,58.55,58.35,59.9,60.4,60.02,76.3,42.8,48653,2919973.05,451,INSPIRISYS
2022-11-30,EQ,56.4,59.7,54.0,55.0,58.05,58.35,56.85,76.3,42.8,66706,3792402.4,859,INSPIRISYS
2022-11-29,EQ,55.95,55.95,54.75,53.95,55.15,55.0,55.16,76.3,42.8,24386,1345193.1,258,INSPIRISYS
2022-11-28,EQ,51.85,54.8,51.85,51.25,54.2,53.95,53.35,76.3,42.8,50699,2704776.45,547,INSPIRISYS
2022-11-25,EQ,53.4,53.4,50.15,50.95,51.9,51.25,51.12,76.3,42.8,24214,1237834.6,282,INSPIRISYS
2022-11-24,EQ,50.35,53.5,48.35,49.35,51.7,50.95,51.47,76.3,42.8,91101,4689141.85,971,INSPIRISYS
2022-11-23,EQ,45.6,49.6,45.55,45.1,49.6,49.35,48.15,76.3,42.8,87854,4229805.4,504,INSPIRISYS
2022-11-22,EQ,45.05,45.75,44.65,44.85,45.1,45.1,45.14,76.3,42.8,9975,450240.85,99,INSPIRISYS
2022-11-21,EQ,44.0,46.7,44.0,44.9,44.8,44.85,45.15,76.3,42.8,8074,364545.3,117,INSPIRISYS
2022-11-18,EQ,44.55,46.85,44.55,45.0,45.7,44.9,45.21,76.3,42.8,12715,574873.2,165,INSPIRISYS
2022-11-17,EQ,45.2,47.15,44.05,45.1,45.0,45.0,44.88,76.3,42.8,21943,984795.45,186,INSPIRISYS
2022-11-16,EQ,43.6,47.95,43.6,46.55,45.0,45.1,45.74,76.3,42.8,12675,579764.35,316,INSPIRISYS
2022-11-15,EQ,46.75,47.9,46.05,47.3,47.0,46.55,46.85,76.3,42.8,4254,199318.9,104,INSPIRISYS
2022-11-14,EQ,47.25,48.0,44.35,44.85,47.7,47.3,46.72,76.3,42.8,24231,1132052.55,303,INSPIRISYS
2022-11-11,EQ,46.1,48.55,42.8,45.25,44.3,44.85,45.05,76.3,42.8,61998,2793108.15,570,INSPIRISYS
2022-11-10,EQ,48.75,48.75,43.0,45.95,46.0,45.25,45.13,76.3,43.0,39282,1772864.6,470,INSPIRISYS
2022-11-09,EQ,50.7,50.7,44.9,47.4,46.0,45.95,46.38,76.3,44.5,21077,977562.75,226,INSPIRISYS
2022-11-07,EQ,47.55,49.85,45.85,46.15,46.3,47.4,47.93,76.3,44.5,9618,461036.85,208,INSPIRISYS
2022-11-04,EQ,47.35,47.45,45.5,45.35,46.75,46.15,46.33,76.3,44.5,4747,219919.8,102,INSPIRISYS
2022-11-03,EQ,47.55,47.85,44.8,47.5,47.25,45.35,45.87,76.3,44.5,40978,1879608.2,413,INSPIRISYS
2022-11-02,EQ,47.5,49.05,47.15,47.35,47.5,47.5,47.9,76.3,44.5,3413,163477.95,43,INSPIRISYS
2022-11-01,EQ,47.3,48.55,46.95,47.05,47.5,47.35,47.35,76.3,44.5,14419,682798.3,236,INSPIRISYS
2022-10-31,EQ,49.3,50.95,46.35,48.65,47.6,47.05,47.65,76.3,44.5,24177,1151926.1,252,INSPIRISYS
2022-10-28,EQ,51.5,51.5,48.1,49.1,49.85,48.65,49.05,76.3,41.15,7151,350732.25,146,INSPIRISYS
2022-10-27,EQ,48.7,51.3,48.7,48.5,50.0,49.1,49.52,76.3,41.15,14821,733991.3,199,INSPIRISYS
2022-10-25,EQ,54.4,55.1,47.05,52.25,47.8,48.5,50.95,76.3,41.15,69822,3557460.4,458,INSPIRISYS
2022-10-24,EQ,48.05,52.7,48.05,47.95,51.55,52.25,51.7,76.3,41.15,25337,1310026.6,222,INSPIRISYS
2022-10-21,EQ,50.95,50.95,47.7,50.95,47.7,47.95,49.99,76.3,40.3,15078,753697.55,158,INSPIRISYS
2022-10-20,EQ,47.8,51.05,45.5,46.45,51.0,50.95,49.77,76.3,40.3,61119,3041807.15,390,INSPIRISYS
2022-10-19,EQ,49.0,49.0,45.5,46.0,46.8,46.45,46.57,76.3,40.3,4049,188547.7,102,INSPIRISYS
2022-10-18,EQ,49.0,49.0,44.5,47.25,45.85,46.0,46.33,76.3,40.3,35655,1651930.9,256,INSPIRISYS
2022-10-17,EQ,49.7,52.0,45.35,49.65,47.1,47.25,47.83,76.3,40.3,22007,1052554.45,209,INSPIRISYS
2022-10-14,EQ,52.95,53.4,49.35,51.05,49.95,49.65,51.28,76.3,40.3,19703,1010438.8,291,INSPIRISYS
2022-10-13,EQ,51.8,52.3,48.0,49.4,52.0,51.05,50.63,76.3,40.3,18079,915269.85,205,INSPIRISYS
2022-10-12,EQ,50.0,52.3,48.05,48.4,51.7,49.4,49.49,76.3,40.3,14328,709053.0,382,INSPIRISYS
2022-10-11,EQ,53.8,55.55,47.4,51.35,47.4,48.4,51.44,76.3,40.3,44174,2272487.3,649,INSPIRISYS
2022-10-10,EQ,48.65,51.35,46.55,46.7,51.35,51.35,49.71,76.3,40.3,10025,498313.25,149,INSPIRISYS
2022-10-07,EQ,47.9,48.95,45.75,48.0,47.0,46.7,47.35,76.3,40.3,13053,618098.05,153,INSPIRISYS
2022-10-06,EQ,50.4,50.4,47.9,48.2,49.0,48.0,48.75,76.3,40.3,10054,490104.6,108,INSPIRISYS
2022-10-04,EQ,49.0,49.2,46.05,46.9,48.1,48.2,47.94,76.3,40.3,18591,891295.2,118,INSPIRISYS
2022-10-03,EQ,46.05,48.6,46.05,46.8,47.2,46.9,47.72,76.3,40.3,3494,166722.55,110,INSPIRISYS
2022-09-30,EQ,49.0,49.9,46.0,48.25,47.0,46.8,47.25,76.3,40.3,23144,1093507.5,185,INSPIRISYS
2022-09-29,EQ,49.95,52.8,48.25,50.75,48.25,48.25,49.37,76.3,40.3,21885,1080365.2,254,INSPIRISYS
2022-09-28,EQ,52.2,52.3,49.0,49.85,51.4,50.75,51.61,76.3,40.3,34404,1775734.0,168,INSPIRISYS
2022-09-27,EQ,50.65,53.65,49.7,51.7,50.3,49.85,50.72,76.3,40.3,20249,1026928.95,237,INSPIRISYS
2022-09-26,EQ,51.95,52.95,51.05,53.7,51.1,51.7,51.53,76.3,40.3,23432,1207370.65,213,INSPIRISYS
2022-09-23,EQ,57.4,57.4,53.5,56.3,53.5,53.7,54.21,76.3,40.3,26253,1423072.15,214,INSPIRISYS
2022-09-22,EQ,56.85,58.0,56.25,59.2,56.25,56.3,56.69,76.3,40.3,38053,2157347.3,470,INSPIRISYS
2022-09-21,EQ,63.55,64.35,59.2,62.3,59.2,59.2,60.65,76.3,40.3,17104,1037332.5,225,INSPIRISYS
2022-09-20,EQ,67.95,68.8,62.3,65.55,62.3,62.3,67.07,76.3,40.3,45195,3031031.85,551,INSPIRISYS
2022-09-19,EQ,64.95,65.55,63.05,62.45,65.55,65.55,64.99,76.3,40.3,35782,2325574.35,370,INSPIRISYS
2022-09-16,EQ,61.65,63.0,61.0,60.0,61.55,62.45,62.58,76.3,40.3,69579,4354425.85,512,INSPIRISYS
2022-09-15,EQ,59.5,60.0,56.75,57.15,60.0,60.0,59.8,76.3,40.3,51931,3105396.6,533,INSPIRISYS
2022-09-14,EQ,55.5,57.45,52.3,54.75,57.2,57.15,55.72,76.3,40.3,12892,718358.35,162,INSPIRISYS
2022-09-13,EQ,57.75,57.75,54.0,55.0,55.0,54.75,55.47,76.3,40.3,13700,759906.5,140,INSPIRISYS
2022-06-20,EQ,64.95,64.95,59.25,62.25,59.25,60.45,61.69,76.3,40.3,15529,958039.1,156,INSPIRISYS
2022-06-17,EQ,62.4,67.55,62.25,65.5,63.15,62.25,64.03,76.3,40.3,16376,1048623.8,153,INSPIRISYS
2022-06-16,EQ,71.7,71.8,65.1,68.45,65.1,65.5,67.87,76.3,40.3,19380,1315383.4,279,INSPIRISYS
2022-06-15,EQ,70.8,72.6,68.0,70.7,68.35,68.45,69.53,76.3,40.3,17095,1188663.25,194,INSPIRISYS
2022-06-14,EQ,68.35,70.7,67.45,67.35,70.7,70.7,69.92,76.3,40.3,8883,621126.25,80,INSPIRISYS
2022-06-13,EQ,72.0,72.0,67.15,70.65,67.2,67.35,67.67,76.3,40.3,19093,1292038.55,160,INSPIRISYS
2022-06-10,EQ,66.15,71.6,66.15,68.2,70.3,70.65,69.58,76.3,40.3,9678,673416.05,88,INSPIRISYS
2022-06-09,EQ,69.8,69.8,66.15,66.65,67.65,68.2,68.38,76.3,40.3,14774,1010283.15,169,INSPIRISYS
2022-06-08,EQ,64.1,68.95,64.1,66.3,66.0,66.65,67.14,76.3,40.25,8836,593210.85,167,INSPIRISYS
2022-06-07,EQ,70.85,70.85,66.15,69.0,66.15,66.3,67.81,76.3,40.25,12908,875338.75,133,INSPIRISYS
2022-06-06,EQ,72.5,73.9,68.0,70.6,69.2,69.0,71.43,76.3,40.25,32953,2353738.7,407,INSPIRISYS
2022-06-03,EQ,71.05,71.05,69.65,67.7,71.05,70.6,70.91,76.3,40.25,48384,3431022.9,227,INSPIRISYS
2022-06-02,EQ,66.45,67.7,64.5,64.5,67.7,67.7,66.85,76.3,40.25,21240,1419999.4,237,INSPIRISYS
2022-06-01,EQ,62.25,64.5,58.7,61.45,64.5,64.5,63.42,76.3,40.25,19248,1220630.9,169,INSPIRISYS
2022-05-31,EQ,63.9,63.9,59.05,61.2,60.15,61.45,61.27,76.3,40.25,21283,1303956.2,278,INSPIRISYS
2022-05-30,EQ,61.2,61.2,61.2,58.3,61.2,61.2,61.2,76.3,40.25,5862,358754.4,22,INSPIRISYS
2022-05-27,EQ,53.55,58.3,53.55,55.55,58.3,58.3,57.59,76.3,40.25,18639,1073336.45,80,INSPIRISYS
2022-05-26,EQ,56.35,58.45,55.5,58.4,55.55,55.55,56.11,76.3,40.0,8737,490266.9,98,INSPIRISYS
2022-05-25,EQ,60.05,62.2,58.4,61.45,58.4,58.4,59.08,76.3,40.0,11544,682070.9,167,INSPIRISYS
2022-05-24,EQ,63.6,64.75,58.65,61.7,61.0,61.45,63.87,76.3,40.0,37868,2418766.8,660,INSPIRISYS
2022-05-23,EQ,59.7,61.7,58.15,58.8,61.7,61.7,60.22,76.3,36.1,20119,1211573.15,252,INSPIRISYS
2022-05-20,EQ,56.2,58.8,56.2,56.0,58.8,58.8,58.6,76.3,35.95,25802,1511916.65,267,INSPIRISYS
2022-05-19,EQ,60.0,60.45,55.5,57.75,56.25,56.0,58.55,76.3,35.95,34697,2031462.45,477,INSPIRISYS
2022-05-18,EQ,57.75,57.75,55.05,55.0,57.75,57.75,57.31,76.3,34.0,31608,1811378.0,440,INSPIRISYS
2022-05-17,EQ,55.0,55.0,55.0,52.4,55.0,55.0,55.0,76.3,33.55,1796,98780.0,11,INSPIRISYS
2022-05-16,EQ,52.4,52.4,52.4,49.95,52.4,52.4,52.4,76.3,31.55,2587,135558.8,8,INSPIRISYS
2022-05-13,EQ,49.95,49.95,48.95,47.6,49.95,49.95,49.93,76.3,31.55,11316,565045.45,25,INSPIRISYS
2022-05-12,EQ,50.45,51.7,47.1,49.35,47.15,47.6,49.7,76.3,31.55,23113,1148822.25,336,INSPIRISYS
2022-05-11,EQ,48.5,49.35,46.0,47.0,49.35,49.35,49.19,76.3,31.55,41844,2058431.9,220,INSPIRISYS
2022-05-10,EQ,46.35,48.5,46.2,48.5,46.25,47.0,47.66,76.3,31.55,18280,871265.45,64,INSPIRISYS
2022-05-09,EQ,46.65,51.0,46.65,48.7,48.35,48.5,48.73,76.3,30.1,10396,506623.3,149,INSPIRISYS
2021-12-15,EQ,66.25,68.85,66.0,67.6,67.5,66.45,67.35,76.3,29.9,40596,2734036.5,597,INSPIRISYS
2021-12-14,EQ,67.35,71.0,67.35,70.85,67.35,67.6,68.33,76.3,29.9,146072,9981117.4,1185,INSPIRISYS
2021-12-13,EQ,74.9,76.3,70.85,74.55,70.85,70.85,72.88,76.3,29.9,106784,7782461.65,774,INSPIRISYS
2021-12-10,EQ,72.9,74.6,72.0,71.05,74.6,74.55,74.05,74.6,28.3,285027,21105866.6,1943,INSPIRISYS
2021-12-09,EQ,63.15,71.05,63.15,64.6,71.05,71.05,69.61,71.85,28.3,347136,24165269.75,2556,INSPIRISYS
2021-12-08,EQ,62.95,66.4,58.0,60.95,64.0,64.6,63.47,71.85,28.3,294533,18692722.7,2471,INSPIRISYS
2021-12-07,EQ,61.05,61.05,57.65,55.5,61.0,60.95,60.11,71.85,28.3,301862,18146376.85,1593,INSPIRISYS
2021-12-06,EQ,55.0,55.5,53.2,52.9,55.5,55.5,55.33,71.85,28.3,86423,4781929.7,505,INSPIRISYS
2021-12-03,EQ,51.95,53.3,49.7,51.95,53.0,52.9,52.19,71.85,28.3,30087,1570107.05,339,INSPIRISYS
2021-12-02,EQ,53.35,53.35,51.05,51.15,52.0,51.95,52.25,71.85,28.3,36850,1925381.25,404,INSPIRISYS
2021-12-01,EQ,49.3,51.15,48.7,48.75,51.15,51.15,50.21,71.85,28.3,18040,905802.7,394,INSPIRISYS
2021-11-30,EQ,49.8,51.0,48.6,49.45,49.25,48.75,49.78,71.85,28.3,11251,560091.45,502,INSPIRISYS
2021-11-29,EQ,49.5,51.65,48.0,50.1,48.55,49.45,49.74,71.85,28.3,32464,1614902.85,607,INSPIRISYS
2021-11-26,EQ,54.0,54.0,50.0,52.3,50.0,50.1,50.68,71.85,27.05,154408,7825141.65,857,INSPIRISYS
2021-11-25,EQ,51.9,52.3,49.65,49.85,52.3,52.3,51.87,71.85,27.05,42268,2192575.0,311,INSPIRISYS
2021-11-24,EQ,52.55,53.8,49.3,51.7,49.45,49.85,51.42,71.85,27.05,28453,1462963.45,790,INSPIRISYS
2021-11-23,EQ,51.1,51.7,47.45,49.25,51.7,51.7,49.94,71.85,27.05,36763,1836042.85,239,INSPIRISYS
2021-11-22,EQ,53.6,53.6,49.0,51.55,49.0,49.25,49.54,71.85,27.05,28081,1391001.35,181,INSPIRISYS
2021-11-18,EQ,52.05,53.6,50.05,52.65,51.7,51.55,51.23,71.85,25.9,37185,1905081.2,201,INSPIRISYS
2021-11-17,EQ,53.5,54.3,52.4,53.2,52.75,52.65,53.27,71.85,25.9,28921,1540741.15,282,INSPIRISYS
2021-11-16,EQ,53.5,53.5,50.3,51.1,53.15,53.2,53.06,71.85,25.9,46069,2444295.15,440,INSPIRISYS
2021-11-15,EQ,52.95,52.95,50.9,52.85,51.7,51.1,51.64,71.85,25.9,27749,1432832.5,307,INSPIRISYS
2021-11-12,EQ,54.05,54.4,51.6,54.15,51.6,52.85,52.9,71.85,25.8,49200,2602837.5,631,INSPIRISYS
2021-11-11,EQ,54.45,56.25,52.55,54.25,53.25,54.15,54.91,71.85,25.8,103896,5705262.7,976,INSPIRISYS
2021-11-10,EQ,49.2,54.3,49.2,51.75,54.3,54.25,53.04,71.85,25.8,200696,10644269.1,1408,INSPIRISYS
2021-11-09,EQ,54.5,55.5,50.9,53.55,50.9,51.75,53.28,71.85,25.8,133144,7094117.85,1511,INSPIRISYS
2021-11-08,EQ,53.55,53.55,51.3,51.0,53.55,53.55,53.38,71.85,25.8,107128,5718422.4,459,INSPIRISYS
2021-11-04,EQ,51.0,51.0,50.1,48.6,51.0,51.0,50.99,71.85,25.8,24426,1245415.8,124,INSPIRISYS
2021-11-03,EQ,48.6,48.6,48.6,46.3,48.6,48.6,48.6,71.85,25.8,8299,403331.4,34,INSPIRISYS
2021-11-02,EQ,46.3,46.3,46.3,44.1,46.3,46.3,46.3,71.85,25.8,11734,543284.2,30,INSPIRISYS
2021-11-01,EQ,42.55,44.1,41.15,42.0,44.1,44.1,43.29,71.85,25.6,6320,273561.5,72,INSPIRISYS
2021-10-29,EQ,41.75,43.75,40.3,41.75,43.75,42.0,41.3,71.85,25.6,3527,145659.8,70,INSPIRISYS
2021-10-28,EQ,43.5,43.7,41.75,43.9,41.75,41.75,42.2,71.85,25.6,30112,1270634.0,452,INSPIRISYS
2021-10-27,EQ,46.95,46.95,43.15,44.75,44.0,43.9,44.42,71.85,25.6,17683,785486.3,288,INSPIRISYS
2021-10-26,EQ,45.3,45.3,43.45,43.15,44.9,44.75,44.51,71.85,25.6,8876,395054.75,162,INSPIRISYS
2021-10-25,EQ,43.3,44.3,42.4,43.95,43.1,43.15,43.57,71.85,25.6,7696,335334.0,221,INSPIRISYS
2021-10-22,EQ,44.95,45.5,43.5,44.1,44.0,43.95,44.28,71.85,25.6,6228,275756.2,118,INSPIRISYS
2021-10-21,EQ,46.35,46.35,43.2,45.0,44.5,44.1,44.33,71.85,25.6,17799,789034.15,384,INSPIRISYS
2021-10-20,EQ,45.8,47.8,44.5,45.75,45.6,45.0,45.64,71.85,25.6,13831,631301.25,351,INSPIRISYS
2021-10-19,EQ,48.35,48.35,45.25,46.35,45.25,45.75,46.02,71.85,25.6,24563,1130454.6,286,INSPIRISYS
2021-10-18,EQ,45.7,48.8,44.7,46.55,46.25,46.35,47.08,71.85,25.6,30346,1428610.3,402,INSPIRISYS
2021-10-14,EQ,48.4,48.4,45.75,46.25,46.5,46.55,46.5,71.85,25.6,33056,1537058.05,639,INSPIRISYS
2021-10-13,EQ,49.95,49.95,45.85,48.05,46.75,46.25,46.88,71.85,25.1,20119,943186.4,440,INSPIRISYS
2021-10-12,EQ,47.4,49.45,47.0,48.8,47.5,48.05,47.72,71.85,24.2,9185,438282.6,84,INSPIRISYS
2021-07-19,EQ,70.75,70.75,67.7,71.25,67.7,67.7,68.47,71.85,24.2,44050,3016128.95,546,INSPIRISYS
2021-07-16,EQ,71.85,71.85,69.0,68.45,69.7,71.25,71.29,71.85,24.2,154761,11032505.95,1131,INSPIRISYS
2021-07-15,EQ,67.0,68.45,66.9,65.2,68.45,68.45,68.21,68.45,24.2,30101,2053234.8,83,INSPIRISYS
2021-07-14,EQ,63.65,65.2,59.55,62.1,65.2,65.2,63.81,66.75,24.2,52873,3373916.1,795,INSPIRISYS
2021-07-13,EQ,66.3,66.75,61.3,64.4,62.95,62.1,64.2,66.75,24.2,51189,3286109.05,852,INSPIRISYS
2021-07-12,EQ,63.95,64.4,63.4,61.35,64.4,64.4,64.29,64.4,24.2,49379,3174588.75,366,INSPIRISYS
2021-07-09,EQ,60.35,61.35,59.1,58.45,61.35,61.35,60.65,62.0,21.2,42303,2565647.35,408,INSPIRISYS
2021-07-08,EQ,61.8,61.95,58.1,60.5,59.0,58.45,59.62,62.0,21.2,48424,2886890.05,799,INSPIRISYS
2021-07-07,EQ,61.5,62.0,58.05,59.65,60.7,60.5,60.6,62.0,21.2,57776,3501079.25,874,INSPIRISYS
2021-07-06,EQ,59.25,59.65,58.15,56.85,59.65,59.65,59.34,59.65,21.2,73078,4336756.3,727,INSPIRISYS
2021-07-05,EQ,55.7,56.85,53.9,54.15,56.85,56.85,56.37,58.5,21.2,34010,1916973.8,405,INSPIRISYS
2021-07-02,EQ,54.85,55.45,53.0,54.85,53.9,54.15,54.21,58.5,21.1,26913,1459041.4,515,INSPIRISYS
2021-07-01,EQ,54.55,55.75,53.05,53.4,55.0,54.85,54.68,58.5,21.1,37562,2053831.8,564,INSPIRISYS
2021-06-30,EQ,55.65,56.5,52.55,54.65,53.0,53.4,54.37,58.5,21.1,33105,1799764.1,659,INSPIRISYS
2021-06-29,EQ,55.65,55.95,53.5,55.2,54.1,54.65,54.44,58.5,21.1,10770,586306.35,301,INSPIRISYS
2021-06-28,EQ,53.65,55.5,53.6,53.65,55.4,55.2,54.89,58.5,21.1,28421,1560050.25,442,INSPIRISYS
2021-06-25,EQ,52.0,53.65,51.3,51.1,53.65,53.65,52.97,58.5,21.1,22509,1192240.1,413,INSPIRISYS
2021-06-24,EQ,52.85,54.0,50.05,51.8,51.0,51.1,51.37,58.5,21.1,38200,1962263.55,606,INSPIRISYS
2021-06-23,EQ,53.3,55.2,51.35,54.05,52.3,51.8,52.65,58.5,21.1,32644,1718747.1,679,INSPIRISYS
2021-06-22,EQ,55.0,57.25,53.0,55.15,53.95,54.05,54.79,58.5,21.1,23091,1265139.8,580,INSPIRISYS
2021-06-21,EQ,57.7,57.7,54.8,57.65,54.8,55.15,55.6,58.5,21.1,40240,2237457.1,703,INSPIRISYS
2021-06-18,EQ,58.5,58.5,53.0,55.75,57.05,57.65,56.37,58.5,21.1,223949,12624392.55,1820,INSPIRISYS
2021-06-17,EQ,54.4,55.75,53.0,53.1,55.75,55.75,55.53,57.4,21.1,64955,3606792.35,316,INSPIRISYS
2021-06-16,EQ,51.5,53.1,49.8,50.6,53.1,53.1,52.29,57.4,21.1,117197,6128616.5,963,INSPIRISYS
2021-06-15,EQ,49.55,50.9,48.05,48.75,50.5,50.6,50.1,57.4,21.1,101085,5064179.75,1014,INSPIRISYS
2021-06-14,EQ,48.5,49.75,45.05,47.4,48.5,48.75,47.64,57.4,21.1,238980,11384151.4,1504,INSPIRISYS
2021-06-11,EQ,46.2,47.65,45.0,45.4,47.1,47.4,46.63,57.4,21.1,53096,2475914.25,672,INSPIRISYS
2021-06-10,EQ,44.8,45.8,44.3,44.75,45.8,45.4,45.07,57.4,21.1,20566,926835.25,409,INSPIRISYS
2021-06-09,EQ,44.75,46.4,44.5,44.85,44.8,44.75,45.6,57.4,21.1,47019,2143956.25,477,INSPIRISYS
2021-06-08,EQ,44.5,45.7,44.05,44.6,44.8,44.85,44.84,57.4,21.1,23346,1046720.2,426,INSPIRISYS
2021-06-07,EQ,44.8,44.85,43.35,43.2,44.75,44.6,44.24,57.4,21.1,19841,877696.75,433,INSPIRISYS
2021-06-04,EQ,43.15,44.4,43.05,43.4,43.15,43.2,43.69,57.4,20.25,20783,907959.4,480,INSPIRISYS
2021-06-03,EQ,43.9,43.9,42.75,43.1,43.0,43.4,43.37,57.4,20.25,13872,601676.65,381,INSPIRISYS
2021-06-02,EQ,44.2,44.2,42.05,42.9,43.0,43.1,42.88,57.4,20.25,8599,368714.85,278,INSPIRISYS
2021-06-01,EQ,44.8,44.85,42.55,44.0,43.5,42.9,43.49,57.4,20.25,28828,1253648.15,478,INSPIRISYS
2021-05-31,EQ,44.6,45.55,43.75,43.7,44.45,44.0,44.73,57.4,20.25,34850,1558992.85,584,INSPIRISYS
2021-05-28,EQ,43.2,44.45,40.25,42.35,44.25,43.7,42.48,57.4,19.85,176624,7503472.6,1007,INSPIRISYS
2021-05-27,EQ,44.95,44.95,41.65,43.75,42.6,42.35,43.24,57.4,19.85,39657,1714733.55,490,INSPIRISYS
2021-05-26,EQ,44.95,46.4,43.5,44.2,43.5,43.75,44.84,57.4,19.85,65464,2935587.1,599,INSPIRISYS
2021-05-25,EQ,45.75,45.75,43.5,45.75,44.75,44.2,44.4,57.4,19.85,21038,933995.3,363,INSPIRISYS
2021-05-24,EQ,46.8,46.8,45.05,46.25,45.7,45.75,45.79,57.4,19.85,12526,573561.6,515,INSPIRISYS
2021-05-21,EQ,47.0,47.05,45.1,46.1,45.75,46.25,46.59,57.4,18.7,15233,709758.65,372,INSPIRISYS
2021-05-20,EQ,45.9,46.7,44.2,45.35,46.0,46.1,45.46,57.4,18.7,25536,1160821.6,442,INSPIRISYS
2021-05-19,EQ,43.65,45.45,42.75,43.7,45.45,45.35,43.85,57.4,18.7,34348,1506215.2,536,INSPIRISYS
2021-05-18,EQ,45.0,46.3,43.1,44.65,44.0,43.7,44.21,57.4,18.7,29955,1324222.45,436,INSPIRISYS
2021-05-17,EQ,44.45,45.7,43.55,43.55,44.7,44.65,44.85,57.4,18.7,24276,1088735.3,537,INSPIRISYS
2021-05-14,EQ,42.8,44.5,42.8,44.5,43.35,43.55,43.51,57.4,18.35,64445,2803800.95,445,INSPIRISYS
2021-05-12,EQ,44.6,46.2,44.4,46.7,44.75,44.5,44.67,57.4,18.35,46153,2061796.65,883,INSPIRISYS
2021-05-11,EQ,47.55,48.0,46.7,49.15,46.7,46.7,46.84,57.4,18.35,23466,1099137.95,220,INSPIRISYS
2021-05-10,EQ,51.25,51.25,47.6,49.4,49.65,49.15,49.79,57.4,18.35,24755,1232600.05,378,INSPIRISYS
2021-05-07,EQ,50.4,50.4,48.65,49.4,49.85,49.4,49.68,57.4,18.35,26425,1312709.55,408,INSPIRISYS
2021-05-06,EQ,48.5,49.8,47.35,47.85,49.5,49.4,48.66,57.4,18.35,27043,1315976.15,335,INSPIRISYS
2021-05-05,EQ,47.6,48.9,47.15,47.55,47.95,47.85,47.64,57.4,18.35,13573,646572.1,305,INSPIRISYS
2021-05-04,EQ,48.3,49.3,47.0,48.6,47.0,47.55,47.59,57.4,18.35,8744,416124.35,302,INSPIRISYS
2021-05-03,EQ,48.85,49.6,46.65,47.75,48.0,48.6,48.32,57.4,18.35,17485,844933.85,358,INSPIRISYS
2021-04-30,EQ,49.1,49.4,46.5,48.15,48.15,47.75,48.09,57.4,18.35,17383,835940.8,356,INSPIRISYS
2021-04-29,EQ,49.9,49.9,47.5,49.0,48.45,48.15,48.3,57.4,18.35,14638,706959.1,345,INSPIRISYS
2021-04-28,EQ,50.45,50.95,48.5,48.7,49.95,49.0,49.53,57.4,18.35,13361,661769.9,375,INSPIRISYS
2021-04-27,EQ,50.1,51.4,48.05,50.15,48.95,48.7,49.08,57.4,18.35,27406,1345016.8,415,INSPIRISYS
2021-04-26,EQ,51.95,52.05,48.65,50.55,50.15,50.15,49.46,57.4,18.35,38301,1894440.85,410,INSPIRISYS
2021-04-23,EQ,54.7,54.7,50.5,53.15,50.95,50.55,50.89,57.4,18.1,79690,4055344.4,470,INSPIRISYS
2021-04-22,EQ,54.4,57.4,52.1,54.8,53.45,53.15,54.51,57.4,18.1,187907,10242050.55,1745,INSPIRISYS
2021-04-20,EQ,50.95,54.9,50.95,49.95,54.9,54.8,54.37,54.9,18.1,103307,5616881.35,794,INSPIRISYS
2021-04-19,EQ,50.5,52.0,48.5,50.45,50.6,49.95,50.18,52.0,18.1,67044,3364283.05,885,INSPIRISYS
2021-04-16,EQ,45.75,51.0,45.75,46.4,50.7,50.45,49.62,51.0,17.65,150596,7472559.55,1437,INSPIRISYS
2021-04-15,EQ,42.25,46.85,41.2,43.0,46.2,46.4,44.97,49.4,17.65,62788,2823347.3,700,INSPIRISYS
2021-04-13,EQ,43.05,43.9,41.35,42.15,43.9,43.0,42.94,49.4,17.65,12400,532470.1,140,INSPIRISYS
2021-04-12,EQ,44.3,45.15,41.35,45.05,41.5,42.15,42.54,49.4,17.65,9288,395097.2,147,INSPIRISYS
2021-04-09,EQ,45.95,45.95,44.6,46.3,45.0,45.05,45.14,49.4,17.65,17791,803119.05,192,INSPIRISYS
2021-04-08,EQ,46.05,46.7,44.6,45.25,46.0,46.3,45.65,49.4,17.65,25069,1144486.35,458,INSPIRISYS
2021-04-07,EQ,44.5,45.75,43.6,43.6,45.4,45.25,44.9,49.4,17.65,33468,1502674.35,236,INSPIRISYS
2021-04-06,EQ,42.3,44.7,42.3,43.75,43.6,43.6,43.54,49.4,17.65,17590,765872.3,162,INSPIRISYS
2021-04-05,EQ,45.35,45.35,42.35,43.55,44.95,43.75,43.71,49.4,17.65,11423,499248.8,249,INSPIRISYS
2021-04-01,EQ,43.35,45.6,43.0,44.75,43.75,43.55,43.36,49.4,17.65,22068,956925.85,170,INSPIRISYS
2021-03-31,EQ,44.7,44.95,42.95,44.1,44.9,44.75,44.85,49.4,17.65,16939,759639.55,95,INSPIRISYS
2021-03-30,EQ,44.2,44.85,43.5,43.25,44.15,44.1,44.17,49.4,17.65,5448,240646.0,92,INSPIRISYS
2021-03-26,EQ,42.4,43.3,41.5,42.05,43.3,43.25,42.73,49.4,16.45,5148,219965.05,91,INSPIRISYS
2021-03-25,EQ,40.5,42.45,40.4,42.0,41.9,42.05,41.62,49.4,16.45,3039,126477.3,71,INSPIRISYS
2021-03-24,EQ,43.9,43.95,41.3,42.3,41.3,42.0,42.76,49.4,16.45,8594,367502.5,141,INSPIRISYS
2021-03-23,EQ,42.4,43.2,41.2,41.5,42.05,42.3,42.39,49.4,16.45,2770,117428.5,88,INSPIRISYS
2021-03-22,EQ,40.05,42.3,40.0,41.2,41.95,41.5,41.19,49.4,16.45,2491,102598.0,49,INSPIRISYS
2021-03-19,EQ,42.85,42.85,40.0,41.4,41.5,41.2,40.94,49.4,16.45,9624,394024.8,146,INSPIRISYS
2021-03-18,EQ,42.15,43.8,41.1,43.1,41.35,41.4,41.94,49.4,16.45,11566,485107.65,163,INSPIRISYS
2021-03-17,EQ,44.95,45.0,43.05,45.0,43.05,43.1,43.83,49.4,16.45,18475,809711.85,172,INSPIRISYS
2021-03-16,EQ,45.9,46.0,44.0,44.05,44.5,45.0,45.24,49.4,16.45,29940,1354386.85,322,INSPIRISYS
2021-03-15,EQ,45.6,46.0,43.1,44.7,46.0,44.05,44.1,49.4,16.45,14588,643323.2,172,INSPIRISYS
2021-03-12,EQ,45.0,47.35,44.55,45.15,44.55,44.7,45.13,49.4,16.45,13588,613228.85,237,INSPIRISYS
2021-03-10,EQ,46.2,47.5,44.5,46.1,44.5,45.15,46.07,49.4,16.45,25034,1153196.45,263,INSPIRISYS
2021-03-09,EQ,48.9,49.4,45.5,47.85,46.2,46.1,46.94,49.4,16.45,53309,2502550.85,562,INSPIRISYS
2021-03-08,EQ,44.9,48.15,44.0,43.8,48.15,47.85,46.65,48.15,16.45,105102,4902536.2,1035,INSPIRISYS
2021-03-05,EQ,41.3,43.8,41.05,39.85,43.8,43.8,43.18,43.8,16.45,148332,6405682.95,699,INSPIRISYS
2021-03-04,EQ,38.75,41.8,37.55,38.0,41.5,39.85,40.43,41.8,16.45,85233,3445705.25,434,INSPIRISYS
2021-03-03,EQ,37.0,38.55,36.65,36.95,38.2,38.0,37.48,41.1,16.45,25791,966541.0,241,INSPIRISYS
2021-03-02,EQ,36.2,37.95,36.1,37.15,37.0,36.95,37.31,41.1,16.45,8925,332959.75,151,INSPIRISYS
2021-03-01,EQ,39.35,39.35,36.7,36.8,37.2,37.15,37.13,41.1,16.45,7880,292549.5,70,INSPIRISYS
2021-02-26,EQ,35.95,36.95,35.95,36.8,36.6,36.8,36.68,41.1,16.45,13621,499570.8,135,INSPIRISYS
2021-02-25,EQ,36.35,37.95,36.3,36.3,36.8,36.8,37.07,41.1,16.45,8113,300757.9,90,INSPIRISYS
2021-02-24,EQ,39.8,39.8,36.2,37.2,36.3,36.3,37.26,41.1,16.45,6148,229050.7,154,INSPIRISYS
2021-02-23,EQ,36.95,37.9,36.25,37.65,37.1,37.2,37.16,41.1,16.45,4246,157777.65,93,INSPIRISYS
2021-02-22,EQ,40.0,40.0,37.35,37.3,37.65,37.65,38.23,41.1,16.45,3272,125095.7,78,INSPIRISYS
2021-02-19,EQ,37.0,39.25,37.0,39.0,37.1,37.3,38.07,41.1,16.45,7446,283500.65,104,INSPIRISYS
2021-02-18,EQ,36.1,39.5,36.1,38.0,39.45,39.0,38.46,41.1,16.45,5964,229399.55,86,INSPIRISYS
2021-02-17,EQ,38.05,38.35,37.25,38.05,37.95,38.0,37.77,41.1,16.45,8077,305044.85,99,INSPIRISYS
2021-02-16,EQ,41.0,41.0,37.5,39.55,38.0,38.05,38.43,41.1,16.45,8468,325451.45,131,INSPIRISYS
2021-02-15,EQ,39.95,41.1,36.75,37.4,39.25,39.55,39.84,41.1,16.45,52293,2083134.55,561,INSPIRISYS
2021-02-12,EQ,34.05,38.2,34.0,34.75,37.9,37.4,36.8,40.85,16.45,35512,1306976.9,347,INSPIRISYS
2021-02-11,EQ,35.6,35.6,34.6,34.75,34.65,34.75,34.85,40.85,16.45,18122,631565.9,120,INSPIRISYS
2021-02-10,EQ,37.0,37.1,34.2,36.5,34.95,34.75,35.35,40.85,16.45,35522,1255703.3,467,INSPIRISYS
2021-02-09,EQ,35.6,38.1,34.15,34.65,36.55,36.5,36.85,40.85,16.45,51831,1910027.25,523,INSPIRISYS
2021-02-08,EQ,35.85,37.3,34.1,33.95,34.95,34.65,35.37,40.85,16.45,12629,446704.3,163,INSPIRISYS
2021-02-05,EQ,36.4,36.8,33.55,35.05,33.55,33.95,34.71,41.6,16.45,12788,443892.4,218,INSPIRISYS
2021-02-04,EQ,35.7,36.05,35.0,35.65,35.0,35.05,35.29,41.6,16.45,12354,435973.3,121,INSPIRISYS
2021-02-03,EQ,36.3,36.3,35.1,35.6,35.25,35.65,35.63,41.6,16.45,3604,128409.65,67,INSPIRISYS
2021-02-02,EQ,36.9,37.0,35.05,36.3,35.6,35.6,36.01,41.6,16.45,12888,464049.9,229,INSPIRISYS
2021-02-01,EQ,36.8,36.8,34.8,35.65,36.75,36.3,36.14,41.6,16.45,4172,150755.85,79,INSPIRISYS
2021-01-29,EQ,34.4,36.4,34.1,33.55,35.4,35.65,35.1,43.4,16.45,39066,1371168.45,196,INSPIRISYS
2021-01-28,EQ,32.5,35.6,31.55,33.55,33.5,33.55,32.99,43.4,16.45,21629,713641.15,263,INSPIRISYS
2021-01-27,EQ,35.85,36.5,33.1,35.8,33.45,33.55,33.93,43.4,16.45,16370,555377.75,241,INSPIRISYS
2021-01-25,EQ,37.4,37.4,34.15,35.3,36.0,35.8,35.08,43.4,16.45,12000,420960.5,275,INSPIRISYS
2021-01-22,EQ,36.75,38.65,34.6,37.5,35.5,35.3,36.01,43.4,16.45,23601,849832.5,201,INSPIRISYS
2021-01-21,EQ,38.8,39.45,36.95,38.55,37.1,37.5,38.16,43.4,16.45,14136,539500.4,157,INSPIRISYS
2021-01-20,EQ,39.95,39.95,37.7,38.1,38.6,38.55,38.68,43.4,16.45,22991,889286.15,291,INSPIRISYS
2021-01-19,EQ,39.0,39.9,37.15,38.2,38.0,38.1,39.06,43.4,16.45,12754,498208.45,150,INSPIRISYS
2021-01-18,EQ,40.85,40.85,38.1,40.05,38.45,38.2,38.73,43.4,16.45,14318,554500.1,198,INSPIRISYS
2021-01-15,EQ,38.95,40.5,37.15,37.4,40.4,40.05,39.74,43.4,16.45,76851,3053902.7,869,INSPIRISYS
2021-01-14,EQ,37.8,39.0,36.5,36.55,37.1,37.4,37.43,43.4,16.45,27101,1014304.7,266,INSPIRISYS
2021-01-13,EQ,38.55,39.25,35.95,38.55,37.05,36.55,36.77,43.4,16.45,44392,1632222.1,340,INSPIRISYS
2021-01-12,EQ,39.75,40.5,38.15,38.8,38.5,38.55,39.26,43.4,16.45,54458,2138179.4,434,INSPIRISYS
2021-01-11,EQ,40.0,40.65,35.8,37.3,38.65,38.8,38.94,43.4,16.45,167869,6537384.95,1255,INSPIRISYS
2021-01-08,EQ,35.15,37.3,34.2,33.95,37.3,37.3,36.32,44.0,16.45,177607,6451270.0,812,INSPIRISYS
2021-01-07,EQ,35.35,35.35,33.3,33.6,33.6,33.95,33.89,44.0,16.45,27174,921053.35,210,INSPIRISYS
2021-01-06,EQ,34.2,35.05,33.05,34.2,33.4,33.6,34.05,44.0,16.45,24353,829184.7,181,INSPIRISYS
2021-01-05,EQ,35.45,35.45,33.5,35.1,34.0,34.2,34.17,44.0,16.45,37513,1281758.2,281,INSPIRISYS
2021-01-04,EQ,34.55,35.8,34.0,35.15,35.15,35.1,35.0,44.0,16.45,13307,465777.85,259,INSPIRISYS
2021-01-01,EQ,36.7,36.7,34.15,35.2,35.8,35.15,35.36,44.0,16.45,17786,628926.85,140,INSPIRISYS
2020-12-31,EQ,36.95,36.95,34.65,35.0,35.0,35.2,35.73,44.0,16.45,17534,626555.8,202,INSPIRISYS
2020-12-30,EQ,35.65,37.0,34.65,34.65,35.0,35.0,35.58,44.0,16.45,28830,1025654.1,175,INSPIRISYS
2020-12-29,EQ,35.1,35.85,34.0,34.7,35.0,34.65,35.28,44.0,16.45,58650,2068973.45,356,INSPIRISYS
2020-12-28,EQ,33.75,34.85,33.7,33.4,34.25,34.7,34.5,44.0,16.45,19634,677390.3,211,INSPIRISYS
2020-12-24,EQ,34.95,35.85,33.0,34.15,33.15,33.4,33.86,44.0,16.45,18609,630150.15,175,INSPIRISYS
2020-12-23,EQ,32.4,34.7,32.4,31.8,34.1,34.15,33.77,44.0,16.45,55668,1880059.5,268,INSPIRISYS
2020-12-22,EQ,30.65,32.45,30.1,32.15,31.5,31.8,30.98,44.0,16.45,12913,400084.9,141,INSPIRISYS
2020-12-21,EQ,34.4,34.4,31.0,33.2,31.2,32.15,33.18,44.0,16.45,21533,714361.2,175,INSPIRISYS
2020-12-18,EQ,33.05,34.4,31.85,33.5,32.2,33.2,33.31,44.0,16.45,24320,810172.95,242,INSPIRISYS
2020-12-17,EQ,33.45,34.9,33.1,33.9,33.75,33.5,34.11,44.0,16.45,35836,1222338.75,250,INSPIRISYS
2020-12-16,EQ,33.15,34.8,32.95,33.35,34.35,33.9,34.13,44.0,16.45,105010,3584418.85,682,INSPIRISYS
2020-12-15,EQ,33.0,34.7,31.0,32.15,33.5,33.35,32.73,44.0,16.45,128925,4219664.45,850,INSPIRISYS
2020-12-14,EQ,29.9,32.15,29.9,29.25,32.15,32.15,31.45,44.0,16.45,89972,2829572.15,298,INSPIRISYS
2020-12-11,EQ,30.35,30.45,29.25,29.2,29.25,29.25,29.61,44.0,16.45,2487,73629.0,42,INSPIRISYS
2020-12-10,EQ,30.0,30.0,28.3,29.55,29.05,29.2,29.0,44.0,16.45,4169,120891.55,55,INSPIRISYS
2020-12-09,EQ,30.55,31.45,29.55,29.95,29.55,29.55,29.71,44.0,16.45,13032,387212.2,260,INSPIRISYS
2020-12-08,EQ,32.85,32.85,29.25,30.2,30.0,29.95,30.28,44.0,16.45,30369,919549.15,194,INSPIRISYS
2020-12-07,EQ,29.4,30.45,29.2,29.25,30.05,30.2,30.03,44.0,16.45,27985,840366.95,114,INSPIRISYS
2020-12-04,EQ,29.4,29.7,28.65,29.4,29.7,29.25,29.11,44.0,16.45,14082,409928.85,127,INSPIRISYS
2020-12-03,EQ,29.8,29.8,28.6,29.3,29.4,29.4,29.1,44.0,16.45,7699,224039.8,38,INSPIRISYS
2020-12-02,EQ,29.5,30.4,28.6,29.25,29.9,29.3,29.57,44.0,16.45,6538,193353.95,63,INSPIRISYS
2020-12-01,EQ,29.4,29.75,28.35,29.4,29.5,29.25,29.19,44.0,16.45,3888,113474.95,59,INSPIRISYS
2020-11-27,EQ,29.1,30.0,28.5,29.15,29.45,29.4,29.66,44.0,16.45,21875,648847.95,110,INSPIRISYS
2020-11-26,EQ,28.75,29.85,28.5,29.7,29.65,29.15,28.99,44.0,16.45,18934,548939.6,120,INSPIRISYS
2020-11-25,EQ,29.9,29.9,29.25,29.95,29.9,29.7,29.67,44.0,16.45,7363,218482.1,40,INSPIRISYS
2020-11-24,EQ,30.45,30.45,28.75,29.4,30.0,29.95,29.62,44.0,16.45,6317,187127.9,61,INSPIRISYS
2020-11-23,EQ,28.25,29.6,27.05,28.25,29.6,29.4,28.34,44.0,16.45,17912,507676.35,221,INSPIRISYS
2020-11-20,EQ,28.2,28.75,27.75,28.55,28.0,28.25,28.07,44.0,16.45,3221,90417.8,54,INSPIRISYS
2020-11-19,EQ,29.2,29.2,27.2,28.0,28.9,28.55,28.07,44.0,16.45,6325,177530.35,158,INSPIRISYS
2020-11-18,EQ,27.8,28.2,25.9,27.05,28.2,28.0,26.92,44.0,16.45,19747,531625.05,114,INSPIRISYS
2020-11-17,EQ,27.05,27.7,26.1,26.9,27.1,27.05,26.94,44.0,16.45,2213,59608.05,23,INSPIRISYS
2020-11-14,EQ,25.95,27.0,25.9,26.75,26.9,26.9,26.52,44.95,16.45,1752,46464.2,13,INSPIRISYS
2020-11-13,EQ,26.8,26.85,26.0,26.15,26.75,26.75,26.68,44.95,16.45,1834,48927.8,31,INSPIRISYS
2020-11-12,EQ,25.85,26.75,25.8,26.6,26.15,26.15,26.43,44.95,16.45,1108,29279.7,17,INSPIRISYS
2020-11-11,EQ,27.3,27.3,26.0,26.4,26.25,26.6,26.55,44.95,16.45,3463,91955.8,53,INSPIRISYS
2020-11-10,EQ,26.85,27.35,26.25,27.6,26.3,26.4,26.43,44.95,16.45,23893,631399.25,198,INSPIRISYS
2020-11-09,EQ,27.3,28.2,26.9,26.9,27.5,27.6,27.68,44.95,16.45,6240,172726.0,72,INSPIRISYS
2020-11-06,EQ,26.9,27.0,26.3,26.9,27.0,26.9,26.72,50.05,16.45,613,16381.1,31,INSPIRISYS
2020-11-05,EQ,27.05,27.05,25.95,26.05,26.9,26.9,26.35,50.05,16.45,5555,146350.25,35,INSPIRISYS
2020-11-04,EQ,26.6,27.05,26.0,26.55,26.05,26.05,26.24,50.05,16.45,1546,40570.7,41,INSPIRISYS
2020-11-03,EQ,26.5,26.95,25.9,26.65,26.6,26.55,26.22,50.05,16.45,5827,152791.1,71,INSPIRISYS
2020-11-02,EQ,27.0,27.05,26.65,26.85,26.65,26.65,26.78,50.05,16.45,750,20084.4,14,INSPIRISYS
2020-10-30,EQ,26.65,28.05,26.6,27.6,26.7,26.85,27.14,50.05,16.45,1048,28442.85,34,INSPIRISYS
2020-10-29,EQ,26.25,27.85,25.6,26.9,27.55,27.6,26.77,50.05,16.45,3907,104591.75,36,INSPIRISYS
2020-10-28,EQ,26.85,26.9,26.8,27.0,26.9,26.9,26.9,50.05,16.45,683,18372.1,7,INSPIRISYS
2020-10-27,EQ,27.2,27.45,26.9,27.6,26.9,27.0,27.09,50.05,16.45,1693,45857.05,20,INSPIRISYS
2020-10-26,EQ,27.55,27.8,27.0,27.55,27.0,27.6,27.44,50.05,16.45,1741,47770.05,14,INSPIRISYS
2020-10-23,EQ,26.7,28.0,26.7,27.1,27.55,27.55,27.52,50.05,16.45,2051,56437.15,22,INSPIRISYS
2020-10-22,EQ,27.85,27.85,26.6,27.2,27.05,27.1,27.02,50.05,16.45,1808,48859.75,21,INSPIRISYS
2020-10-21,EQ,26.8,27.7,26.8,28.0,26.85,27.2,27.04,50.05,16.45,2847,76973.6,42,INSPIRISYS
2020-10-20,EQ,27.75,28.55,26.55,27.35,28.0,28.0,27.23,50.05,16.45,2065,56232.3,81,INSPIRISYS
2020-10-19,EQ,26.4,27.45,26.4,27.1,27.35,27.35,26.4,50.05,16.45,502,13254.8,4,INSPIRISYS
2020-10-16,EQ,27.35,27.85,27.05,27.35,27.1,27.1,27.11,50.05,16.45,1839,49849.5,39,INSPIRISYS
2020-10-15,EQ,27.5,28.1,27.3,27.8,27.35,27.35,27.39,50.05,16.45,959,26263.2,37,INSPIRISYS
2020-10-14,EQ,28.4,28.4,26.45,27.25,27.8,27.8,27.67,50.05,16.45,2507,69373.1,149,INSPIRISYS
2020-10-13,EQ,27.65,27.65,25.65,27.0,27.25,27.25,26.33,50.05,16.45,21935,577616.95,307,INSPIRISYS
2020-10-12,EQ,28.8,28.8,26.75,27.75,26.85,27.0,27.17,50.05,16.45,5016,136302.15,44,INSPIRISYS
2020-10-09,EQ,28.6,29.0,27.5,28.4,27.95,27.75,28.21,50.05,16.45,4337,122331.45,78,INSPIRISYS
2020-10-08,EQ,28.3,28.95,28.2,28.3,28.6,28.4,28.52,50.05,16.45,1531,43664.3,20,INSPIRISYS
2020-10-07,EQ,27.75,29.0,27.75,28.35,28.3,28.3,28.55,50.05,16.45,8165,233098.85,33,INSPIRISYS
2020-10-06,EQ,29.0,29.0,28.15,28.4,28.4,28.35,28.79,50.05,16.45,1091,31413.0,25,INSPIRISYS
2020-10-05,EQ,28.85,29.15,28.25,28.85,29.0,28.4,28.62,50.05,16.45,1618,46311.45,22,INSPIRISYS
2020-10-01,EQ,28.3,29.4,28.3,29.5,28.8,28.85,28.97,50.05,16.45,8587,248730.7,41,INSPIRISYS
2020-09-30,EQ,28.4,29.5,28.25,28.85,29.5,29.5,29.21,50.05,16.45,6590,192510.05,43,INSPIRISYS
2020-09-29,EQ,29.4,31.25,28.8,30.3,28.8,28.85,29.54,50.05,16.45,4158,122816.1,32,INSPIRISYS
2020-09-28,EQ,29.0,30.7,29.0,29.35,30.3,30.3,29.84,50.05,16.45,6410,191288.05,47,INSPIRISYS
2020-09-25,EQ,28.05,29.45,28.05,28.5,29.35,29.35,28.8,53.6,16.45,316,9101.3,19,INSPIRISYS
2020-09-24,EQ,28.65,28.7,27.6,28.7,28.5,28.5,28.3,53.6,16.45,2617,74052.85,19,INSPIRISYS
2020-09-23,EQ,29.95,30.0,28.7,28.8,28.7,28.7,29.07,53.6,16.45,6870,199739.5,34,INSPIRISYS
2020-09-22,EQ,28.6,30.45,28.15,29.6,28.5,28.8,29.01,53.6,16.45,10367,300793.25,83,INSPIRISYS
2020-09-21,EQ,30.5,31.9,29.1,30.4,29.1,29.6,30.72,53.6,16.45,7835,240711.75,87,INSPIRISYS
2020-09-18,EQ,30.5,30.55,30.05,30.55,30.1,30.4,30.35,53.6,16.45,2026,61497.45,19,INSPIRISYS
2020-09-17,EQ,31.0,31.0,30.05,31.0,30.8,30.55,30.59,53.6,16.45,6935,212117.35,52,INSPIRISYS
2020-09-16,EQ,31.7,32.6,30.5,31.5,31.0,31.0,31.13,53.6,16.45,5009,155933.7,39,INSPIRISYS
2020-09-15,EQ,30.9,31.95,30.5,30.5,31.6,31.5,31.25,53.6,16.45,12194,381088.55,79,INSPIRISYS
2020-09-14,EQ,31.0,31.0,29.35,29.8,30.5,30.5,30.68,53.6,16.45,4803,147375.2,52,INSPIRISYS
2020-09-11,EQ,29.1,30.45,28.15,29.1,30.45,29.8,28.84,53.6,16.45,6929,199857.55,55,INSPIRISYS
2020-09-10,EQ,28.65,29.85,27.8,28.65,29.2,29.1,28.83,53.6,16.45,7625,219838.6,56,INSPIRISYS
2020-09-09,EQ,30.8,30.9,28.4,29.75,28.7,28.65,29.1,53.6,16.45,3696,107561.5,45,INSPIRISYS
2020-09-08,EQ,29.0,29.95,28.65,29.1,29.1,29.75,29.42,53.6,16.45,2259,66460.85,26,INSPIRISYS
2020-09-07,EQ,28.65,29.3,27.9,29.25,29.3,29.1,28.75,53.6,16.45,9708,279091.7,62,INSPIRISYS
2020-09-04,EQ,29.75,30.45,29.0,29.75,29.25,29.25,29.31,53.6,16.45,1728,50652.55,33,INSPIRISYS
2020-09-03,EQ,29.75,30.7,29.4,30.6,29.65,29.75,29.94,53.6,16.45,5315,159137.8,51,INSPIRISYS
2020-09-02,EQ,30.1,31.0,29.15,30.05,30.0,30.6,30.47,53.6,16.45,3201,97535.5,53,INSPIRISYS
2020-09-01,EQ,31.15,31.9,29.65,31.15,30.05,30.05,30.27,53.6,16.45,8446,255656.85,88,INSPIRISYS
2020-08-31,EQ,34.15,34.15,31.15,32.75,31.15,31.15,31.99,53.6,16.45,14181,453692.1,150,INSPIRISYS
2020-08-28,EQ,33.5,33.8,32.15,33.8,33.8,32.75,32.59,53.6,16.45,39002,1270973.2,358,INSPIRISYS
2020-08-27,EQ,35.6,35.6,33.8,35.55,33.8,33.8,34.25,53.6,16.45,60718,2079678.9,416,INSPIRISYS
2020-08-26,EQ,32.25,36.3,31.2,33.0,35.6,35.55,34.63,53.6,16.45,93519,3238738.65,682,INSPIRISYS
2020-08-25,EQ,32.5,34.3,30.25,31.45,32.85,33.0,32.64,53.6,16.45,62365,2035484.6,1014,INSPIRISYS
2020-08-24,EQ,29.2,31.45,29.0,28.6,31.45,31.45,30.7,53.6,16.45,24088,739475.6,172,INSPIRISYS
2020-08-21,EQ,27.8,29.0,27.8,27.8,28.85,28.6,28.36,53.6,16.45,53252,1510422.2,192,INSPIRISYS
2020-08-20,EQ,27.05,28.2,26.85,27.0,27.8,27.8,27.49,53.6,16.45,44500,1223455.1,203,INSPIRISYS
2020-08-19,EQ,26.6,27.9,26.6,27.35,27.0,27.0,26.99,53.6,16.45,11250,303634.35,72,INSPIRISYS
2020-08-18,EQ,27.0,28.0,27.0,27.45,27.5,27.35,27.72,53.6,16.45,14619,405245.3,102,INSPIRISYS
2020-08-17,EQ,27.6,27.65,26.3,27.5,27.5,27.45,26.95,53.6,16.45,5935,159965.6,126,INSPIRISYS
2020-08-14,EQ,27.9,28.5,26.4,27.05,27.75,27.5,27.92,53.6,16.45,13726,383179.75,109,INSPIRISYS
2020-08-13,EQ,26.4,27.75,26.4,26.85,27.25,27.05,27.02,53.6,16.45,11642,314580.4,131,INSPIRISYS
2020-08-12,EQ,26.7,27.65,26.05,27.05,26.9,26.85,26.86,53.6,16.45,6918,185839.0,84,INSPIRISYS
2020-08-11,EQ,29.1,29.2,26.6,29.4,26.9,27.05,27.37,53.6,16.45,54452,1490424.0,398,INSPIRISYS
2020-08-10,EQ,28.5,29.7,28.25,28.25,29.5,29.4,29.27,53.6,16.45,22185,649429.55,195,INSPIRISYS
2020-08-07,EQ,27.05,28.75,27.05,28.45,28.55,28.25,28.16,53.6,16.45,12868,362388.9,137,INSPIRISYS
2020-08-06,EQ,28.45,28.9,27.0,27.0,27.75,28.45,28.03,53.6,16.45,14726,412753.4,159,INSPIRISYS
2020-08-05,EQ,25.7,27.15,25.7,25.95,27.0,27.0,26.92,53.6,16.45,7199,193799.95,114,INSPIRISYS
2020-08-04,EQ,25.5,26.95,25.35,25.9,25.55,25.95,25.81,53.6,16.45,4942,127576.3,84,INSPIRISYS
2020-08-03,EQ,26.0,26.75,25.1,25.05,25.85,25.9,26.11,53.6,16.45,10836,282883.6,145,INSPIRISYS
2020-07-31,EQ,27.85,27.85,24.2,26.8,25.0,25.05,25.82,53.6,16.45,13927,359542.3,128,INSPIRISYS
2020-07-30,EQ,28.05,29.35,26.2,28.0,26.45,26.8,27.52,53.6,16.45,5418,149084.5,135,INSPIRISYS
2020-07-29,EQ,25.1,28.0,25.0,25.5,28.0,28.0,26.77,53.6,16.45,19097,511254.2,264,INSPIRISYS
2020-07-28,EQ,28.4,28.4,25.3,26.55,25.3,25.5,25.71,53.6,16.45,4332,111355.95,133,INSPIRISYS
2020-07-27,EQ,28.95,28.95,25.8,28.6,26.7,26.55,26.55,53.6,16.45,8685,230552.95,153,INSPIRISYS
2020-07-24,EQ,28.25,29.8,28.25,29.45,29.0,28.6,28.92,53.6,16.45,5379,155545.8,151,INSPIRISYS
2020-07-23,EQ,30.1,31.25,29.2,30.7,30.45,29.45,29.6,53.6,16.45,18567,549507.65,124,INSPIRISYS
2020-07-22,EQ,30.6,32.35,30.1,30.85,31.15,30.7,31.12,53.6,16.45,9558,297433.35,187,INSPIRISYS
2020-07-21,EQ,28.55,30.85,27.95,29.4,30.85,30.85,29.78,53.6,16.45,31499,937913.8,541,INSPIRISYS
2020-07-20,EQ,29.75,30.5,29.4,30.9,29.4,29.4,29.53,53.6,16.45,33939,1002240.2,245,INSPIRISYS
2020-07-17,EQ,30.9,30.9,30.9,32.5,30.9,30.9,30.9,53.6,16.45,3936,121622.4,31,INSPIRISYS
2020-07-16,EQ,32.5,32.5,32.5,34.2,32.5,32.5,32.5,53.6,16.45,5208,169260.0,34,INSPIRISYS
2020-07-15,EQ,37.45,37.45,34.2,36.0,34.2,34.2,35.2,53.6,16.45,63228,2225402.95,531,INSPIRISYS
2020-07-14,EQ,33.95,36.05,32.8,32.8,36.05,36.0,35.3,53.6,16.45,463259,16353815.5,2293,INSPIRISYS
2020-07-13,EQ,29.45,32.8,29.4,27.35,32.8,32.8,31.57,53.6,16.45,94053,2969196.3,510,INSPIRISYS
2020-07-10,EQ,23.45,27.35,23.1,22.8,27.35,27.35,26.42,53.6,16.45,91756,2424361.25,914,INSPIRISYS
2020-07-09,EQ,24.0,24.4,22.6,23.9,22.6,22.8,23.12,53.6,16.45,9310,215272.0,80,INSPIRISYS
2020-07-08,EQ,23.7,24.5,23.15,22.85,24.0,23.9,24.0,53.6,16.45,24120,578778.4,216,INSPIRISYS
2020-07-07,EQ,22.9,23.5,22.0,22.6,22.55,22.85,22.81,53.6,16.45,3276,74727.45,48,INSPIRISYS
2020-07-06,EQ,22.25,23.0,21.2,21.95,22.95,22.6,22.37,53.6,16.45,11625,260005.15,104,INSPIRISYS
2020-07-03,EQ,22.15,22.5,21.1,22.6,22.25,21.95,21.74,53.6,16.45,11966,260092.45,126,INSPIRISYS
2020-07-02,EQ,23.25,23.25,22.2,22.4,22.65,22.6,22.42,53.6,16.45,7821,175372.35,91,INSPIRISYS
2020-07-01,EQ,22.95,23.35,21.25,23.2,22.4,22.4,22.12,53.6,16.45,19413,429471.2,108,INSPIRISYS
2020-06-30,EQ,22.95,23.75,22.65,23.1,22.65,23.2,23.46,53.6,16.45,2151,50460.0,52,INSPIRISYS
2020-06-29,EQ,23.35,24.75,22.8,24.1,23.05,23.1,23.59,53.6,16.45,10895,257010.95,143,INSPIRISYS
2020-06-26,EQ,24.9,25.0,22.5,24.0,24.0,24.1,24.4,53.6,16.45,2500,61003.3,76,INSPIRISYS
2020-06-25,EQ,23.05,24.45,22.65,23.7,24.3,24.0,23.44,53.6,16.45,5653,132490.2,80,INSPIRISYS
2020-06-24,EQ,24.95,25.3,23.7,24.95,23.7,23.7,24.49,53.6,16.45,4034,98782.6,76,INSPIRISYS
2020-06-23,EQ,26.25,26.3,23.4,24.1,24.9,24.95,24.58,53.6,16.45,6208,152577.45,89,INSPIRISYS
2020-06-22,EQ,26.85,26.85,23.65,23.95,24.0,24.1,24.24,53.6,16.45,19826,480550.75,127,INSPIRISYS
2020-06-19,EQ,23.95,25.4,23.1,23.8,24.4,23.95,24.11,53.6,16.45,7019,169220.8,89,INSPIRISYS
2020-06-18,EQ,23.8,27.35,22.3,22.85,23.9,23.8,24.06,53.6,16.45,10776,259323.75,110,INSPIRISYS
2020-06-17,EQ,22.0,23.5,21.85,22.15,23.0,22.85,22.69,53.6,16.45,7003,158874.2,93,INSPIRISYS
2020-06-16,EQ,23.5,23.8,21.65,23.3,22.0,22.15,22.65,53.6,16.45,15723,356127.75,143,INSPIRISYS
2020-06-15,EQ,24.9,24.9,21.85,24.5,23.5,23.3,23.62,53.6,16.45,20227,477837.2,195,INSPIRISYS
2020-06-12,EQ,26.9,26.9,23.55,27.4,24.95,24.5,24.28,53.6,16.45,60957,1480228.5,459,INSPIRISYS
2020-06-11,EQ,28.75,28.85,26.45,28.05,26.8,27.4,27.65,53.6,16.45,15124,418112.75,228,INSPIRISYS
2020-06-10,EQ,25.1,28.7,25.1,25.05,27.4,28.05,27.07,53.6,16.45,42837,1159414.7,258,INSPIRISYS
2020-06-09,EQ,25.35,25.95,24.2,25.7,25.7,25.05,25.3,53.6,16.45,8020,202942.0,87,INSPIRISYS
2020-06-08,EQ,25.2,29.5,24.5,25.2,26.4,25.7,26.02,53.6,16.45,19425,505384.25,138,INSPIRISYS
2020-06-05,EQ,24.15,25.9,22.9,24.65,25.05,25.2,24.62,53.6,16.45,32445,798673.05,242,INSPIRISYS
2020-06-04,EQ,25.85,25.85,22.45,22.35,25.0,24.65,23.92,53.6,16.45,11837,283121.75,100,INSPIRISYS
2020-06-03,EQ,20.6,22.9,20.6,20.9,22.4,22.35,22.3,53.6,16.45,10123,225720.45,125,INSPIRISYS
2020-06-02,EQ,21.0,21.0,20.25,20.7,20.8,20.9,20.88,53.6,16.45,9382,195868.1,82,INSPIRISYS
2020-06-01,EQ,20.65,21.0,20.35,20.7,20.7,20.7,20.56,53.6,16.45,4509,92688.65,46,INSPIRISYS
2020-05-29,EQ,20.25,21.85,19.95,20.6,20.7,20.7,20.71,54.5,16.45,1518,31434.8,56,INSPIRISYS
2020-05-28,EQ,23.8,23.8,20.1,20.2,20.85,20.6,21.91,54.5,16.45,4981,109152.65,189,INSPIRISYS
2020-05-27,EQ,21.4,21.45,20.0,20.55,20.8,20.2,20.23,54.5,16.45,1999,40433.4,60,INSPIRISYS
2020-05-26,EQ,21.95,21.95,19.85,20.3,20.6,20.55,20.41,54.5,16.45,3713,75794.5,87,INSPIRISYS
2020-05-22,EQ,19.35,20.95,18.7,20.1,20.9,20.3,20.2,54.5,16.45,1799,36340.5,47,INSPIRISYS
2020-05-21,EQ,21.95,21.95,19.55,19.65,20.25,20.1,20.07,54.5,16.45,5405,108456.75,51,INSPIRISYS
2020-05-20,EQ,20.1,20.6,19.5,19.6,19.55,19.65,19.99,54.5,16.45,1853,37039.75,52,INSPIRISYS
2020-05-19,EQ,20.95,21.4,19.6,21.15,19.6,19.6,20.22,54.5,16.45,13514,273222.05,123,INSPIRISYS
2020-05-18,EQ,22.35,22.35,19.55,20.8,20.6,21.15,21.25,54.5,16.45,8340,177203.3,102,INSPIRISYS
2020-05-15,EQ,22.45,22.45,18.35,20.15,20.8,20.8,20.55,54.5,16.45,6521,134009.25,59,INSPIRISYS
2020-05-14,EQ,20.8,20.8,19.25,20.0,20.0,20.15,19.94,54.5,16.45,388,7737.2,24,INSPIRISYS
2020-05-13,EQ,18.35,22.5,18.35,19.5,19.8,20.0,20.09,54.5,16.45,11293,226844.6,80,INSPIRISYS
2020-05-12,EQ,20.75,20.8,19.25,20.2,19.3,19.5,19.52,54.5,16.45,1646,32132.15,53,INSPIRISYS
2020-05-11,EQ,20.0,20.7,19.1,20.35,20.25,20.2,19.98,54.5,16.45,2261,45165.55,75,INSPIRISYS
2020-05-08,EQ,21.75,21.8,20.0,20.55,20.0,20.35,20.55,54.5,16.45,1459,29977.15,50,INSPIRISYS
2020-05-07,EQ,23.2,23.2,19.2,19.75,20.5,20.55,21.03,54.5,16.45,1011,21265.85,44,INSPIRISYS
2020-05-06,EQ,20.7,21.5,19.35,19.9,20.4,19.75,19.99,54.5,16.45,1017,20331.05,48,INSPIRISYS
2020-05-05,EQ,21.15,21.2,19.3,20.35,20.15,19.9,19.9,54.5,16.45,4171,82983.85,81,INSPIRISYS
2020-05-04,EQ,22.45,22.45,20.25,21.35,21.15,20.35,20.7,54.5,16.45,3312,68572.75,100,INSPIRISYS
2020-04-30,EQ,21.5,22.15,21.0,21.25,21.1,21.35,21.58,54.5,16.45,4983,107510.4,52,INSPIRISYS
2020-04-29,EQ,23.2,23.35,20.25,19.9,21.4,21.25,21.11,54.5,16.45,8707,183825.35,231,INSPIRISYS
2020-04-28,EQ,21.45,21.45,19.0,20.1,20.0,19.9,19.75,54.5,16.45,1032,20384.5,42,INSPIRISYS
2020-04-27,EQ,21.3,21.3,19.1,19.7,20.35,20.1,19.88,54.5,16.45,5890,117078.15,58,INSPIRISYS
2020-04-24,EQ,21.0,21.0,19.35,20.15,19.7,19.7,19.95,54.5,16.45,491,9796.75,28,INSPIRISYS
2020-04-23,EQ,22.25,22.25,18.1,18.85,20.1,20.15,19.99,54.5,16.45,8962,179123.7,166,INSPIRISYS
2020-04-22,EQ,21.0,21.0,18.15,18.65,18.85,18.85,18.77,54.5,16.45,6160,115625.75,124,INSPIRISYS
2020-04-21,EQ,19.95,20.0,18.55,19.2,18.65,18.65,19.11,54.5,16.45,1991,38044.5,44,INSPIRISYS
2020-04-20,EQ,19.95,20.0,19.1,19.6,19.8,19.2,19.77,54.5,16.45,1385,27376.95,45,INSPIRISYS
2020-04-17,EQ,19.05,20.5,18.9,19.65,19.8,19.6,19.67,54.5,16.45,8325,163770.2,123,INSPIRISYS
2020-04-16,EQ,19.6,19.75,17.9,18.3,19.7,19.65,19.38,54.5,16.45,6484,125683.25,137,INSPIRISYS
2020-04-15,EQ,19.3,19.5,18.15,18.5,18.2,18.3,18.69,54.5,16.45,10980,205202.9,106,INSPIRISYS
2020-04-13,EQ,19.95,20.5,17.65,19.35,18.7,18.5,18.36,54.5,16.45,13613,249901.0,213,INSPIRISYS
2020-04-09,EQ,20.0,23.5,19.05,20.0,19.7,19.35,19.74,57.1,16.45,13480,266054.05,106,INSPIRISYS
2020-04-08,EQ,20.0,20.7,19.5,19.6,20.0,20.0,20.2,57.1,16.45,1968,39762.65,45,INSPIRISYS
2020-04-07,EQ,20.0,20.0,18.45,18.8,19.7,19.6,19.63,57.1,16.45,6418,125974.25,148,INSPIRISYS
2020-04-03,EQ,22.5,22.5,18.6,20.5,18.65,18.8,19.22,58.4,16.45,20937,402363.7,150,INSPIRISYS
2020-04-01,EQ,21.9,21.9,20.0,20.3,20.5,20.5,20.32,58.4,16.45,577,11726.6,25,INSPIRISYS
2020-03-31,EQ,21.0,21.0,20.25,20.25,20.7,20.3,20.57,58.4,16.45,460,9461.6,46,INSPIRISYS
2020-03-30,EQ,21.8,21.8,19.05,19.95,19.8,20.25,20.3,58.4,16.45,7861,159547.2,100,INSPIRISYS
2020-03-27,EQ,21.5,21.5,19.75,20.85,20.5,19.95,20.62,58.4,16.45,3102,63967.9,60,INSPIRISYS
2020-03-26,EQ,21.95,21.95,19.2,20.05,20.95,20.85,21.35,58.4,16.45,7493,159967.25,81,INSPIRISYS
2020-03-25,EQ,21.8,21.8,18.25,19.9,20.75,20.05,20.52,58.4,16.45,3840,78781.4,107,INSPIRISYS
2020-03-24,EQ,18.5,19.9,16.45,18.1,19.9,19.9,19.27,58.4,16.45,1779,34285.3,28,INSPIRISYS
2020-03-23,EQ,20.45,20.45,17.85,19.8,19.0,18.1,18.23,58.4,16.7,1436,26172.65,19,INSPIRISYS
2020-03-20,EQ,21.1,21.1,18.6,19.2,20.5,19.8,20.89,58.4,16.7,41857,874322.85,375,INSPIRISYS
2020-03-19,EQ,20.1,20.1,16.7,18.3,19.2,19.2,19.12,58.4,16.7,17397,332606.75,521,INSPIRISYS
2020-03-18,EQ,21.05,22.45,18.1,21.6,19.4,18.3,19.12,58.4,18.1,18702,357610.9,336,INSPIRISYS
2020-03-17,EQ,23.0,28.0,20.05,23.55,21.95,21.6,23.33,58.4,20.05,20619,481066.45,331,INSPIRISYS
2020-03-16,EQ,27.95,27.95,22.5,26.0,23.05,23.55,24.05,58.4,21.3,5642,135671.35,134,INSPIRISYS
2020-03-13,EQ,21.3,28.45,21.3,23.75,26.0,26.0,27.11,58.4,21.3,4053,109890.75,37,INSPIRISYS
2020-03-12,EQ,24.45,28.5,22.3,25.6,24.0,23.75,23.81,58.4,22.3,7816,186134.0,91,INSPIRISYS
2020-03-11,EQ,27.1,27.1,25.15,27.3,25.15,25.6,25.98,58.4,25.15,5902,153333.55,102,INSPIRISYS
2020-03-09,EQ,31.55,31.55,25.25,31.5,27.5,27.3,26.67,58.4,25.25,10923,291289.3,184,INSPIRISYS
2020-03-06,EQ,28.7,32.45,28.0,29.05,31.0,31.5,30.23,58.4,27.1,4094,123749.5,49,INSPIRISYS
2020-03-05,EQ,29.05,30.85,28.05,30.0,29.0,29.05,29.5,58.4,27.1,1321,38965.05,59,INSPIRISYS
2020-03-04,EQ,31.95,31.95,28.05,29.3,30.75,30.0,29.54,58.4,27.1,1150,33970.75,54,INSPIRISYS
2020-03-04,EQ,31.95,31.95,28.05,29.3,30.75,30.0,29.54,58.4,27.1,1150,33970.75,54,INSPIRISYS
2020-03-04,EQ,31.95,31.95,28.05,29.3,30.75,30.0,29.54,58.4,27.1,1150,33970.75,54,INSPIRISYS
2020-03-04,EQ,31.95,31.95,28.05,29.3,30.75,30.0,29.54,58.4,27.1,1150,33970.75,54,INSPIRISYS
2020-03-04,EQ,31.95,31.95,28.05,29.3,30.75,30.0,29.54,58.4,27.1,1150,33970.75,54,INSPIRISYS
2020-03-04,EQ,31.95,31.95,28.05,29.3,30.75,30.0,29.54,58.4,27.1,1150,33970.75,54,INSPIRISYS
2020-03-03,EQ,29.0,31.95,28.1,30.8,29.0,29.3,29.86,58.4,27.1,9645,287963.2,84,INSPIRISYS
2020-03-03,EQ,29.0,31.95,28.1,30.8,29.0,29.3,29.86,58.4,27.1,9645,287963.2,84,INSPIRISYS
2020-03-03,EQ,29.0,31.95,28.1,30.8,29.0,29.3,29.86,58.4,27.1,9645,287963.2,84,INSPIRISYS
2020-03-03,EQ,29.0,31.95,28.1,30.8,29.0,29.3,29.86,58.4,27.1,9645,287963.2,84,INSPIRISYS
2020-03-03,EQ,29.0,31.95,28.1,30.8,29.0,29.3,29.86,58.4,27.1,9645,287963.2,84,INSPIRISYS
2020-03-03,EQ,29.0,31.95,28.1,30.8,29.0,29.3,29.86,58.4,27.1,9645,287963.2,84,INSPIRISYS
2020-03-02,EQ,30.0,31.55,27.1,29.85,30.8,30.8,30.65,58.4,27.1,2187,67039.2,46,INSPIRISYS
2020-02-28,EQ,30.0,31.8,28.0,30.55,29.9,29.85,29.51,58.4,28.0,11528,340232.15,114,INSPIRISYS
2020-02-27,EQ,32.4,32.4,29.95,31.3,31.0,30.55,30.77,58.4,29.95,4101,126186.65,121,INSPIRISYS
2020-02-26,EQ,32.9,32.9,30.35,32.15,31.1,31.3,31.89,58.4,30.25,1447,46145.65,39,INSPIRISYS
2020-02-25,EQ,31.6,33.6,30.25,32.65,32.0,32.15,32.18,58.4,30.25,4355,140163.25,73,INSPIRISYS
2020-02-24,EQ,33.65,33.65,31.95,32.6,32.75,32.65,32.83,58.4,30.95,6460,212062.45,96,INSPIRISYS
2020-02-20,EQ,34.4,34.4,31.9,33.6,32.55,32.6,32.54,58.4,30.95,7581,246664.5,132,INSPIRISYS
2020-02-19,EQ,32.95,33.9,31.55,32.65,33.7,33.6,33.05,58.4,30.95,3390,112048.95,73,INSPIRISYS
2020-02-19,EQ,32.95,33.9,31.55,32.65,33.7,33.6,33.05,58.4,30.95,3390,112048.95,73,INSPIRISYS
2020-02-19,EQ,32.95,33.9,31.55,32.65,33.7,33.6,33.05,58.4,30.95,3390,112048.95,73,INSPIRISYS
2020-02-19,EQ,32.95,33.9,31.55,32.65,33.7,33.6,33.05,58.4,30.95,3390,112048.95,73,INSPIRISYS
2020-02-19,EQ,32.95,33.9,31.55,32.65,33.7,33.6,33.05,58.4,30.95,3390,112048.95,73,INSPIRISYS
2020-02-19,EQ,32.95,33.9,31.55,32.65,33.7,33.6,33.05,58.4,30.95,3390,112048.95,73,INSPIRISYS
2020-02-18,EQ,33.0,33.5,31.05,32.7,32.0,32.65,32.74,58.4,30.95,15226,498502.05,95,INSPIRISYS
2020-02-17,EQ,33.8,33.8,32.5,32.5,33.0,32.7,33.23,58.4,30.95,1651,54862.7,31,INSPIRISYS
2020-02-14,EQ,34.5,35.25,32.3,34.5,32.95,32.5,33.12,58.4,30.95,16030,530838.1,165,INSPIRISYS
2020-02-13,EQ,36.85,37.9,30.95,36.6,34.4,34.5,33.79,58.4,30.95,31350,1059216.3,423,INSPIRISYS
2020-02-12,EQ,35.05,37.5,33.2,36.15,36.45,36.6,36.08,58.4,32.25,13608,490927.7,163,INSPIRISYS
2020-02-11,EQ,35.95,36.85,35.5,36.35,35.5,36.15,36.18,58.4,32.25,2909,105237.15,41,INSPIRISYS
2020-02-10,EQ,37.05,38.25,34.65,36.0,35.7,36.35,36.52,58.4,32.25,9428,344335.85,109,INSPIRISYS
2020-02-07,EQ,37.05,41.6,34.35,37.5,36.0,36.0,37.28,58.4,32.25,52076,1941326.85,574,INSPIRISYS
2020-02-06,EQ,34.35,38.5,33.5,34.35,37.5,37.5,36.05,58.4,32.25,7499,270314.5,82,INSPIRISYS
2020-02-05,EQ,35.1,36.4,33.2,35.95,34.7,34.35,34.64,58.4,32.25,6703,232200.15,141,INSPIRISYS
2020-02-04,EQ,35.95,36.5,34.75,34.95,35.95,35.95,35.72,58.4,32.25,1495,53404.75,72,INSPIRISYS
2020-02-03,EQ,36.05,37.7,33.3,37.35,35.55,34.95,35.34,58.4,32.25,3641,128674.2,101,INSPIRISYS
2020-02-01,EQ,36.55,38.75,34.0,37.2,37.35,37.35,36.05,58.4,32.25,1171,42214.95,90,INSPIRISYS
2020-01-31,EQ,39.35,39.35,36.25,37.55,37.25,37.2,37.28,58.4,32.25,4783,178317.5,96,INSPIRISYS
2020-01-30,EQ,39.3,39.3,37.35,39.0,38.25,37.55,38.06,58.4,32.25,479,18228.85,69,INSPIRISYS
2020-01-29,EQ,37.85,39.95,37.3,38.35,39.0,39.0,38.87,58.4,32.25,693,26936.75,38,INSPIRISYS
2020-01-28,EQ,38.55,43.4,37.0,37.45,38.0,38.35,40.14,58.4,32.25,84583,3395566.75,1500,INSPIRISYS
2020-01-27,EQ,40.5,40.5,36.05,37.25,37.35,37.45,37.58,58.4,32.25,9009,338549.1,95,INSPIRISYS
2020-01-24,EQ,39.65,39.65,36.9,37.0,37.55,37.25,38.19,58.4,32.25,2072,79126.0,86,INSPIRISYS
2020-01-23,EQ,39.95,39.95,36.35,38.1,36.35,37.0,37.17,58.4,32.25,11026,409864.65,246,INSPIRISYS
2020-01-22,EQ,38.55,39.0,37.9,39.0,38.0,38.1,38.07,58.4,32.25,2339,89040.35,109,INSPIRISYS
2020-01-21,EQ,38.35,40.05,38.25,38.5,38.95,39.0,39.02,58.4,32.25,1096,42761.25,42,INSPIRISYS
2020-01-20,EQ,39.05,40.9,38.15,39.75,39.5,38.5,39.74,58.4,32.25,4662,185287.9,135,INSPIRISYS
2020-01-17,EQ,39.9,42.0,39.25,39.25,39.75,39.75,39.74,58.4,32.25,2004,79643.95,38,INSPIRISYS
2020-01-16,EQ,40.0,40.05,38.0,39.05,39.45,39.25,38.9,58.4,32.25,5213,202780.7,73,INSPIRISYS
2020-01-15,EQ,40.0,40.9,39.0,39.85,39.9,39.05,40.27,58.4,32.25,3441,138567.8,24,INSPIRISYS
2020-01-14,EQ,39.95,42.15,38.2,40.15,39.85,39.85,39.83,58.4,32.25,4174,166243.5,119,INSPIRISYS
2020-01-13,EQ,40.35,41.35,39.75,40.35,41.35,40.15,40.18,58.4,32.25,757,30414.75,22,INSPIRISYS
2020-01-10,EQ,42.5,44.0,39.2,40.6,40.35,40.35,41.25,59.0,32.25,4465,184179.55,85,INSPIRISYS
2020-01-09,EQ,39.45,41.0,39.0,38.45,40.0,40.6,39.94,59.0,32.25,11094,443122.65,95,INSPIRISYS
2020-01-08,EQ,37.95,39.5,37.95,37.75,39.4,38.45,38.37,59.0,32.25,8968,344087.2,55,INSPIRISYS
2020-01-07,EQ,37.55,38.45,37.0,37.3,38.3,37.75,37.69,59.0,32.25,7581,285755.85,66,INSPIRISYS
2020-01-06,EQ,40.95,41.0,35.55,37.85,37.6,37.3,38.13,59.0,32.25,3711,141496.5,121,INSPIRISYS
2020-01-03,EQ,37.4,39.15,37.0,36.0,37.6,37.85,37.58,61.05,32.25,3086,115966.15,30,INSPIRISYS
2020-01-02,EQ,34.35,37.0,32.25,35.0,36.35,36.0,35.93,61.05,32.25,4653,167194.65,82,INSPIRISYS
2020-01-01,EQ,34.95,35.5,34.2,34.3,35.4,35.0,35.02,61.05,33.55,2506,87763.1,38,INSPIRISYS
